frame_idx	timestamp_ns	ev_a	ev_b	range_a_m	range_b_m	scale_ratio	precision_pct	recall_pct	f1_pct	fp_count	fn_count
0	1784131444215754000	731	668	25.123	4.264	0.169	0.0	0.0	0.0	731	668
1	1784131444451607000	734	668	24.913	4.264	0.171	0.0	0.0	0.0	734	668
2	1784131444674728000	731	668	25.123	4.264	0.169	0.0	0.0	0.0	731	668
3	1784131445732778000	734	667	24.772	4.264	0.172	0.0	0.0	0.0	734	667
4	1784131446094766000	868	371	22.642	12.214	0.539	0.8	5.1	1.3	861	352
5	1784131446389679000	863	362	22.895	9.959	0.434	1.1	6.0	1.9	853	340
6	1784131446654482000	867	378	21.194	11.121	0.524	2.1	5.8	3.1	848	356
7	1784131446926740000	865	365	22.331	8.042	0.36	1.2	6.0	2.1	854	343
8	1784131447192167000	863	363	23.295	9.756	0.418	1.1	5.7	1.9	853	342
9	1784131447485503000	860	365	22.982	9.959	0.433	1.9	6.5	3.0	843	341
10	1784131447814146000	859	362	21.752	9.959	0.457	0.5	3.5	1.0	854	349
11	1784131448162947000	860	362	21.958	9.959	0.453	0.5	3.0	0.9	855	351
12	1784131448526936000	866	379	21.683	9.908	0.456	2.5	7.3	3.7	844	351
13	1784131448880434000	862	363	23.381	9.959	0.425	0.5	4.9	1.0	857	345
14	1784131449233459000	866	389	23.177	12.457	0.537	2.3	5.1	3.1	846	369
15	1784131449495377000	863	363	23.413	9.959	0.425	0.6	1.9	1.0	857	356
16	1784131449797867000	869	389	22.049	12.656	0.574	3.2	9.5	4.8	841	352
17	1784131450053472000	865	362	22.927	11.008	0.48	0.3	3.0	0.6	862	351
18	1784131450337496000	868	378	22.631	11.008	0.486	3.2	7.9	4.5	840	348
19	1784131450605375000	859	365	21.463	11.008	0.512	1.2	5.4	2.0	848	345
20	1784131450868072000	867	410	22.873	4.918	0.215	1.9	6.8	3.0	850	382
21	1784131451149480000	859	443	24.437	2.586	0.105	1.0	3.3	1.6	850	428
22	1784131451418253000	859	438	23.466	3.699	0.157	1.3	5.7	2.2	847	413
23	1784131451780953000	857	458	23.668	6.759	0.285	1.1	3.2	1.7	847	443
24	1784131452076864000	854	437	24.076	7.758	0.322	0.3	0.4	0.3	851	435
25	1784131452366032000	864	439	20.765	9.934	0.478	2.7	8.8	4.2	840	400
26	1784131452636016000	865	438	20.51	11.903	0.58	2.6	5.4	3.5	842	414
27	1784131452940125000	866	446	20.327	13.881	0.682	2.8	5.1	3.7	841	423
28	1784131453220502000	878	433	19.74	13.935	0.705	17.5	23.7	20.1	724	330
29	1784131453530028000	887	458	17.597	14.463	0.821	24.8	36.0	29.3	667	293
30	1784131453800931000	878	430	17.166	14.077	0.82	24.7	39.3	30.3	661	261
31	1784131454087349000	888	455	16.176	14.463	0.894	27.4	47.9	34.9	644	237
32	1784131454372951000	879	430	16.452	14.289	0.868	26.1	46.9	33.6	649	228
33	1784131454669850000	882	449	16.783	14.446	0.86	26.9	46.5	34.1	644	240
34	1784131454991620000	884	431	16.391	14.289	0.871	26.8	49.4	34.7	647	218
35	1784131455268902000	885	441	17.02	14.289	0.839	25.7	44.4	32.6	657	245
36	1784131455538385000	878	443	16.315	14.306	0.876	28.3	48.9	35.9	629	226
37	1784131455821417000	888	432	17.354	14.131	0.814	26.0	43.7	32.6	657	243
38	1784131456098008000	882	459	16.391	14.306	0.872	28.1	39.8	32.9	634	276
39	1784131456359784000	879	429	17.02	14.06	0.826	24.9	32.6	28.2	660	289
40	1784131456619893000	885	459	16.376	14.166	0.865	31.0	40.9	35.3	610	271
41	1784131456897409000	887	431	16.946	14.095	0.831	25.9	35.4	29.9	657	278
42	1784131457248017000	889	468	15.907	14.289	0.898	28.6	40.5	33.6	634	278
43	1784131457600160000	886	427	16.708	14.077	0.842	25.7	39.3	31.1	658	259
44	1784131457866557000	889	465	16.315	14.703	0.901	30.9	48.6	37.8	614	239
45	1784131458150814000	877	429	16.238	14.289	0.879	29.0	48.7	36.4	622	220
46	1784131458418655000	888	462	16.052	14.737	0.918	28.6	45.0	34.9	634	254
47	1784131458692647000	882	429	16.603	14.289	0.86	28.5	46.6	35.4	630	229
48	1784131458999361000	889	453	16.678	14.428	0.865	30.1	49.4	37.4	621	229
49	1784131459279429000	878	428	16.872	14.652	0.868	30.2	53.7	38.7	612	198
50	1784131459554818000	883	420	18.253	14.515	0.795	26.2	46.6	33.6	651	224
51	1784131459847068000	883	439	16.192	15.801	0.975	10.3	12.3	11.2	792	385
52	1784131460193824000	886	410	16.543	16.145	0.975	8.4	10.9	9.5	811	365
53	1784131460505961000	885	417	15.706	16.753	1.066	9.8	15.3	11.9	798	353
54	1784131460889265000	885	405	14.497	17.498	1.206	10.2	15.8	12.4	794	341
55	1784131461251608000	889	394	14.113	16.946	1.2	14.7	16.2	15.4	758	330
56	1784131461599357000	888	428	15.089	18.43	1.221	16.6	20.7	18.5	740	339
57	1784131461928351000	888	397	15.562	17.781	1.142	5.4	9.3	6.8	840	360
58	1784131462229244000	886	417	16.068	19.651	1.223	9.9	11.5	10.6	798	369
59	1784131462533976000	888	376	15.089	17.851	1.183	16.7	13.5	15.0	739	325
60	1784131462891987000	888	443	15.848	19.575	1.235	15.5	18.2	16.8	750	362
61	1784131463161892000	887	407	15.674	17.668	1.127	17.8	16.7	17.2	729	339
62	1784131463497421000	889	467	14.771	18.925	1.281	15.6	15.2	15.4	750	396
63	1784131463793629000	889	394	14.394	17.935	1.246	17.6	12.9	14.9	732	343
64	1784131464108576000	889	403	15.785	21.614	1.369	12.7	15.6	14.0	776	340
65	1784131464465824000	889	374	16.269	18.925	1.163	20.0	24.8	22.1	711	281
66	1784131464787361000	889	418	16.543	20.363	1.23	15.6	18.8	17.1	750	339
67	1784131465109867000	889	376	17.555	18.978	1.081	20.0	22.3	21.1	711	292
68	1784131465399454000	889	430	18.074	19.954	1.104	18.1	20.2	19.1	728	343
69	1784131465676018000	889	368	18.088	19.664	1.087	16.6	27.1	20.6	741	268
70	1784131465967396000	889	410	18.991	21.844	1.15	16.1	18.5	17.2	745	334
71	1784131466328912000	889	351	19.562	20.29	1.037	15.7	26.4	19.7	749	258
72	1784131466623413000	889	380	18.793	23.22	1.235	19.1	28.9	23.0	719	270
73	1784131466903028000	889	326	19.253	20.837	1.082	18.7	26.9	22.1	722	238
74	1784131467177745000	889	328	19.227	23.22	1.207	13.3	20.4	16.1	770	261
75	1784131467472706000	889	306	19.485	21.229	1.089	23.1	33.3	27.3	683	204
76	1784131467772539000	889	310	19.651	23.477	1.194	12.5	18.3	14.9	777	253
77	1784131468061422000	889	280	20.668	22.072	1.067	19.0	22.1	20.4	720	218
78	1784131468382727000	889	250	21.182	23.668	1.117	2.9	8.4	4.3	863	229
79	1784131468684092000	889	259	20.376	22.609	1.109	21.1	24.7	22.7	701	195
80	1784131468968579000	889	228	22.84	25.955	1.136	2.8	6.1	3.8	864	214
81	1784131469267990000	889	234	22.117	24.953	1.128	6.2	14.5	8.7	833	200
82	1784131469565673000	889	219	23.636	27.105	1.146	1.2	3.1	1.7	878	212
83	1784131469870569000	889	268	22.049	27.824	1.261	6.2	13.4	8.5	833	232
84	1784131470148983000	889	208	22.686	25.907	1.141	4.4	10.5	6.3	849	186
85	1784131470514023000	889	269	21.475	28.882	1.344	2.9	4.8	3.6	863	256
86	1784131470872224000	889	209	23.188	27.967	1.206	2.8	6.6	3.9	864	195
87	1784131471242781000	889	508	17.426	19.917	1.142	0.5	0.5	0.5	884	505
88	1784131471566327000	889	455	17.137	19.07	1.112	0.0	0.0	0.0	889	455
89	1784131471898515000	889	607	17.093	19.356	1.132	6.0	4.4	5.1	835	580
90	1784131472208860000	889	568	17.34	23.295	1.343	0.0	0.0	0.0	889	568
91	1784131472504847000	889	596	17.151	17.626	1.027	20.4	12.9	15.8	707	519
92	1784131472808948000	889	584	18.102	24.752	1.367	3.0	3.2	3.1	862	565
93	1784131473196009000	889	560	16.813	18.267	1.086	39.4	16.9	23.7	538	465
94	1784131473476835000	889	564	17.512	25.81	1.473	4.6	6.9	5.5	848	525
95	1784131473764167000	889	574	17.851	21.556	1.207	11.1	13.0	12.0	790	499
96	1784131474061220000	889	576	17.949	23.252	1.295	10.1	15.1	12.1	799	489
97	1784131474347511000	889	581	17.809	21.545	1.209	27.8	23.2	25.3	641	446
98	1784131474644078000	889	561	18.592	21.856	1.175	23.9	22.6	23.2	676	434
99	1784131474915983000	889	577	19.083	22.697	1.189	19.3	21.8	20.5	717	451
100	1784131475205235000	889	580	18.819	21.335	1.133	42.1	21.0	28.0	514	458
101	1784131475508015000	889	589	20.104	25.41	1.263	21.8	17.3	19.3	695	487
102	1784131475806467000	889	592	19.979	24.681	1.235	30.3	19.7	23.9	619	475
103	1784131476087516000	889	601	20.692	29.836	1.441	8.8	8.8	8.8	810	548
104	1784131476396146000	889	616	20.944	27.095	1.293	34.3	10.8	16.5	584	549
105	1784131476697540000	889	613	22.264	30.76	1.381	2.0	1.3	1.5	871	605
106	1784131477017410000	886	626	21.992	25.528	1.16	38.2	8.1	13.4	547	575
107	1784131477335074000	889	643	23.177	32.112	1.385	0.0	0.0	0.0	889	643
108	1784131477654015000	889	667	23.263	29.046	1.248	10.2	3.5	5.3	798	643
109	1784131477948585000	889	679	24.169	32.736	1.354	0.3	0.4	0.3	886	676
110	1784131478255244000	889	694	24.314	28.163	1.158	55.6	27.9	37.2	394	500
111	1784131478584463000	889	700	25.222	32.805	1.3	2.2	1.7	1.9	869	688
112	1784131478923448000	889	701	25.351	29.515	1.164	39.2	17.9	24.6	540	575
113	1784131479225721000	889	707	26.621	33.281	1.25	1.5	1.9	1.7	875	693
114	1784131479580575000	889	715	26.892	30.326	1.127	38.4	19.3	25.7	547	577
115	1784131479871613000	889	736	27.887	33.737	1.209	5.0	2.9	3.7	844	714
116	1784131480216963000	889	741	28.821	31.987	1.109	26.0	14.7	18.8	657	632
117	1784131480531789000	889	767	29.819	34.462	1.155	9.2	8.4	8.8	807	702
118	1784131480846595000	889	770	30.334	33.244	1.095	30.2	17.4	22.0	620	636
119	1784131481143126000	889	783	30.556	34.477	1.128	19.1	19.5	19.3	719	630
120	1784131481469046000	889	794	31.475	33.855	1.075	38.2	22.5	28.3	549	615
121	1784131481844415000	889	802	32.073	35.23	1.098	10.7	10.3	10.5	793	719
122	1784131482214756000	889	814	31.877	34.679	1.087	32.7	23.3	27.2	598	624
123	1784131482500195000	889	826	32.545	35.138	1.079	31.4	35.2	33.2	609	535
124	1784131482817532000	889	834	32.698	34.888	1.066	57.3	31.2	40.4	379	573
125	1784131483103489000	889	839	33.093	34.852	1.053	40.6	36.7	38.5	528	531
126	1784131483414944000	889	847	33.341	35.393	1.061	36.8	15.5	21.9	561	715
127	1784131483708275000	889	858	33.811	35.597	1.052	11.8	6.9	8.7	784	798
128	1784131484004828000	889	865	34.142	35.618	1.043	19.2	10.6	13.6	718	773
129	1784131484321496000	889	868	34.448	35.947	1.043	1.3	3.8	1.9	877	835
130	1784131484614212000	889	870	34.6	35.877	1.036	27.4	15.7	20.0	645	733
131	1784131484897607000	889	871	34.981	36.12	1.032	0.3	1.1	0.5	886	861
132	1784131485187486000	889	872	35.379	35.988	1.017	55.1	24.5	33.9	399	658
133	1784131485489077000	889	874	35.625	36.279	1.018	15.6	4.8	7.3	750	832
134	1784131485776041000	889	874	35.758	36.21	1.012	18.7	4.1	6.7	722	838
135	1784131486062711000	889	876	35.863	36.361	1.013	23.5	8.2	12.1	680	804
136	1784131486335538000	889	876	35.988	36.203	1.005	7.1	4.3	5.4	825	838
137	1784131486606289000	889	875	36.099	36.437	1.009	24.6	16.6	19.8	670	729
138	1784131486890704000	889	873	36.279	36.341	1.001	13.1	4.6	6.9	772	832
139	1784131487179833000	889	872	36.203	36.792	1.016	29.6	16.3	21.1	625	729
140	1784131487479708000	889	872	36.615	36.758	1.003	5.7	2.7	3.7	838	848
141	1784131487784680000	886	872	36.887	37.258	1.01	55.9	25.5	35.1	390	649
142	1784131488064213000	889	871	37.271	37.244	0.999	0.7	1.1	0.9	882	861
143	1784131488377777000	889	869	37.499	37.791	1.007	64.3	36.2	46.3	317	554
144	1784131488644075000	889	870	37.778	37.705	0.998	2.9	7.9	4.2	863	801
145	1784131489017459000	889	870	37.969	38.427	1.012	39.1	24.1	29.8	541	660
146	1784131489294423000	889	870	38.173	38.388	1.005	28.6	31.2	29.9	634	598
147	1784131489571733000	889	870	38.518	38.938	1.01	66.2	41.1	50.7	300	512
148	1784131489927884000	889	870	38.738	39.028	1.007	71.3	67.8	69.5	255	280
149	1784131490199729000	889	870	39.111	39.619	1.012	74.4	60.6	66.8	227	342
150	1784131490512103000	889	870	39.206	39.713	1.012	66.2	65.5	65.8	300	300
151	1784131490797813000	889	870	39.404	40.22	1.02	70.0	47.4	56.6	266	457
152	1784131491114232000	889	869	39.631	40.363	1.018	64.3	51.6	57.3	317	420
153	1784131491484575000	889	872	39.877	40.536	1.016	62.9	43.1	51.1	329	496
154	1784131491782008000	889	872	40.033	40.702	1.016	63.1	44.0	51.8	328	488
155	1784131492083571000	889	872	40.443	40.99	1.013	70.5	49.1	57.9	262	443
156	1784131492372964000	889	873	40.653	41.263	1.015	64.1	44.5	52.5	319	484
157	1784131492754114000	889	873	40.696	41.451	1.018	62.3	42.6	50.6	335	501
158	1784131493049358000	889	873	40.387	41.715	1.032	45.2	26.2	33.2	487	644
159	1784131493326744000	889	873	40.904	42.049	1.027	61.3	35.3	44.8	344	564
160	1784131493616102000	889	873	40.782	42.487	1.041	27.4	14.8	19.3	645	743
161	1784131493890076000	889	872	41.215	42.804	1.038	41.2	23.1	29.6	522	670
162	1784131494210440000	889	872	41.251	42.973	1.041	34.9	17.3	23.1	578	721
163	1784131494501960000	889	871	41.859	43.118	1.03	57.9	37.4	45.4	374	545
164	1784131494872720000	889	871	42.079	43.193	1.026	51.2	38.4	43.9	433	536
165	1784131495176855000	889	870	42.698	43.095	1.009	76.6	64.2	69.8	208	311
166	1784131495470965000	889	871	42.599	43.025	1.01	65.3	55.1	59.7	308	391
167	1784131495742088000	889	871	43.112	42.949	0.996	73.3	59.4	65.6	237	353
168	1784131496031586000	889	871	43.042	43.013	0.999	82.1	64.7	72.4	159	307
169	1784131496328353000	889	872	43.32	42.78	0.987	59.7	47.9	53.1	358	454
170	1784131496654405000	889	872	43.147	42.874	0.993	82.3	60.7	69.9	157	342
171	1784131496943878000	889	872	43.533	43.054	0.988	61.8	42.0	50.0	339	505
172	1784131497215945000	885	872	43.842	42.646	0.972	29.0	20.7	24.2	628	691
173	1784131497508755000	887	872	43.819	43.32	0.988	75.3	40.1	52.3	219	522
174	1784131497817128000	884	872	43.996	42.622	0.968	37.1	13.1	19.4	556	757
175	1784131498104992000	885	872	43.711	43.585	0.997	72.4	54.9	62.4	244	393
176	1784131498465118000	883	872	44.047	42.534	0.965	22.8	7.5	11.3	681	806
177	1784131498752912000	886	872	43.871	43.859	0.999	69.5	49.7	58.0	270	438
178	1784131499047327000	886	872	44.143	42.534	0.963	37.6	7.6	12.7	552	805
179	1784131499400263000	882	872	44.228	43.077	0.973	53.0	20.4	29.4	414	694
180	1784131499708638000	889	872	43.842	42.757	0.975	50.5	25.4	33.8	440	650
181	1784131500008065000	884	872	44.717	41.96	0.938	27.9	5.5	9.1	637	824
182	1784131500310518000	886	872	44.234	42.914	0.97	55.8	28.6	37.8	391	622
183	1784131500612110000	884	872	44.594	41.811	0.937	41.5	7.6	12.9	517	805
184	1784131500978269000	882	873	44.279	43.326	0.978	51.4	33.5	40.6	428	580
185	1784131501267502000	885	872	44.319	41.184	0.929	0.0	0.0	0.0	885	872
186	1784131501544612000	885	872	44.109	42.833	0.971	35.5	20.2	25.8	570	695
187	1784131501877597000	886	872	43.731	41.032	0.938	14.5	3.7	6.0	757	839
188	1784131502220668000	886	872	43.591	42.375	0.972	36.5	23.0	28.2	562	671
189	1784131502532070000	885	872	43.314	40.886	0.943	9.3	2.0	3.3	802	854
190	1784131502824279000	886	872	42.891	41.583	0.969	31.9	18.5	23.4	603	710
191	1784131503092120000	888	871	42.92	40.591	0.945	18.4	5.0	7.9	724	827
192	1784131503400652000	884	869	42.769	41.075	0.96	53.8	27.7	36.6	408	628
193	1784131503767150000	889	870	42.275	40.214	0.951	23.1	8.3	12.3	683	797
194	1784131504054908000	889	870	42.393	40.941	0.965	59.8	32.1	41.8	357	590
195	1784131504411720000	889	870	42.055	39.989	0.95	13.0	4.2	6.4	773	833
196	1784131504775981000	889	872	41.847	40.332	0.963	66.5	35.5	46.3	297	562
197	1784131505083783000	889	872	41.984	39.302	0.936	0.5	0.4	0.5	884	868
198	1784131505448949000	889	872	42.499	40.257	0.947	35.8	19.0	24.8	570	706
199	1784131505735249000	889	872	42.61	39.245	0.921	12.3	4.4	6.5	779	833
200	1784131506021917000	889	872	42.558	40.443	0.95	46.0	19.6	27.4	480	701
201	1784131506349422000	889	873	42.186	39.518	0.936	25.4	6.1	9.9	663	819
202	1784131506699548000	889	872	41.912	40.369	0.963	57.3	25.1	34.9	379	653
203	1784131507071805000	889	872	41.397	39.308	0.949	25.4	9.9	14.3	663	785
204	1784131507375355000	889	872	41.166	39.302	0.954	21.3	6.5	10.0	699	815
205	1784131507675027000	889	871	40.904	38.583	0.943	13.8	5.7	8.1	766	821
206	1784131507976709000	889	870	40.818	39.814	0.975	43.3	20.5	27.8	504	691
207	1784131508276016000	889	870	40.517	38.809	0.957	46.7	22.4	30.3	473	675
208	1784131508574449000	885	870	40.326	39.104	0.969	54.3	26.2	35.3	404	642
209	1784131508868865000	889	870	39.783	38.264	0.961	37.5	14.7	21.1	555	742
210	1784131509158178000	883	870	39.839	38.706	0.971	68.7	25.0	36.7	276	652
211	1784131509476178000	885	871	39.162	37.731	0.963	22.7	7.9	11.7	684	802
212	1784131509833266000	884	872	39.327	37.936	0.964	54.7	17.4	26.4	400	720
213	1784131510133899000	889	873	38.712	38.041	0.982	15.6	9.0	11.4	750	794
214	1784131510413823000	882	872	39.066	38.114	0.975	44.8	17.5	25.2	486	719
215	1784131510721253000	889	872	38.512	36.907	0.958	26.9	13.3	17.8	649	756
216	1784131511010779000	881	872	38.284	37.164	0.97	60.9	26.0	36.4	344	645
217	1784131511307855000	889	872	37.372	35.926	0.961	12.2	4.8	6.9	780	830
218	1784131511613330000	882	872	37.519	36.778	0.98	66.5	33.4	44.5	295	580
219	1784131511903417000	888	872	37.231	35.967	0.966	0.0	0.0	0.0	888	872
220	1784131512187798000	883	871	36.751	35.611	0.968	49.8	26.8	34.9	443	637
221	1784131512600548000	889	871	36.361	35.159	0.966	12.3	5.0	7.1	779	827
222	1784131512888716000	886	870	36.341	35.604	0.979	75.0	32.0	44.9	221	591
223	1784131513155662000	889	870	36.023	34.974	0.97	5.9	2.8	3.8	836	845
224	1784131513450896000	889	871	35.821	35.052	0.978	52.9	26.6	35.4	418	639
225	1784131513745126000	889	872	35.695	34.83	0.975	7.5	5.7	6.5	822	822
226	1784131514015678000	889	872	35.66	35.059	0.983	32.5	19.0	24.0	600	706
227	1784131514297603000	889	872	35.251	34.751	0.985	33.8	9.8	15.2	588	786
228	1784131514597961000	889	872	35.066	34.578	0.986	7.0	4.1	5.2	826	836
229	1784131514874781000	889	872	34.715	34.339	0.989	37.7	19.8	26.0	553	699
230	1784131515229428000	889	872	34.614	34.484	0.996	25.5	17.7	20.9	662	717
231	1784131515504104000	889	872	34.295	34.193	0.997	20.5	10.6	14.0	706	779
232	1784131515817207000	889	872	33.973	33.907	0.998	46.4	24.7	32.3	476	656
233	1784131516085121000	889	872	34.061	33.995	0.998	51.1	26.0	34.5	434	645
234	1784131516435598000	889	872	33.862	34.068	1.006	28.1	18.8	22.5	639	708
235	1784131516728041000	889	871	33.921	34.164	1.007	60.6	37.4	46.2	350	545
236	1784131517022485000	889	871	33.296	33.677	1.011	15.0	8.1	10.5	755	800
237	1784131517329859000	889	871	33.364	34.288	1.027	37.5	18.7	24.9	555	708
238	1784131517615862000	889	872	33.296	34.105	1.024	15.2	8.9	11.2	753	794
239	1784131517917399000	889	872	33.017	34.017	1.03	62.9	30.8	41.4	329	603
240	1784131518211211000	889	872	33.093	34.317	1.036	7.7	7.5	7.6	820	806
241	1784131518484009000	889	872	32.637	33.744	1.033	30.8	12.3	17.6	615	764
242	1784131518777672000	889	872	32.69	34.324	1.049	5.3	4.0	4.6	841	837
243	1784131519075036000	889	872	32.228	33.699	1.045	22.6	9.5	13.3	688	789
244	1784131519354862000	889	872	32.259	34.12	1.057	38.2	10.3	16.2	549	782
245	1784131519635322000	889	872	31.995	33.386	1.043	29.6	12.9	18.0	625	759
246	1784131519908505000	889	872	32.112	33.699	1.049	45.6	19.2	27.0	483	704
247	1784131520253280000	889	872	32.041	33.796	1.054	16.3	7.9	10.6	744	803
248	1784131520606033000	889	872	32.244	33.409	1.036	21.5	13.7	16.8	697	752
249	1784131520912706000	887	872	31.83	33.528	1.053	27.0	13.6	18.1	647	753
250	1784131521207967000	889	872	32.065	34.098	1.063	39.8	20.5	27.0	535	693
251	1784131521498178000	883	872	31.783	34.039	1.07	14.0	6.7	9.1	759	813
252	1784131521767445000	887	872	31.932	34.266	1.073	49.3	19.4	27.9	449	702
253	1784131522066826000	889	872	31.728	34.412	1.084	6.5	2.2	3.3	831	852
254	1784131522355100000	885	872	31.633	34.112	1.078	24.0	8.3	12.4	672	799
255	1784131522618094000	889	872	31.799	34.629	1.088	9.7	7.9	8.7	802	803
256	1784131522971103000	887	872	31.331	32.034	1.022	58.9	27.4	37.4	364	633
257	1784131523238891000	889	873	31.499	34.368	1.091	17.5	8.1	11.1	733	802
258	1784131523531714000	888	872	31.259	32.805	1.049	44.4	21.1	28.6	493	688
259	1784131523878925000	889	872	31.57	33.965	1.075	29.3	17.3	21.7	628	721
260	1784131524211539000	889	872	31.307	34.455	1.1	38.2	9.9	15.8	549	785
261	1784131524504823000	889	872	31.814	33.551	1.054	41.0	22.5	29.1	524	675
262	1784131524809607000	889	871	31.688	34.513	1.089	57.0	39.1	46.4	382	530
263	1784131525114814000	889	871	32.29	33.685	1.043	62.6	39.3	48.3	332	528
264	1784131525390537000	889	871	32.112	34.737	1.081	38.0	20.3	26.4	551	694
265	1784131525726599000	889	872	32.545	33.833	1.039	56.3	36.2	44.1	388	556
266	1784131525989718000	889	872	32.499	34.902	1.073	62.3	44.2	51.7	335	486
267	1784131526284992000	889	872	32.713	34.039	1.04	47.2	32.5	38.5	469	588
268	1784131526580427000	889	872	32.964	34.931	1.059	35.0	18.9	24.5	577	707
269	1784131526863287000	889	873	33.476	34.816	1.04	46.9	39.7	43.0	472	526
270	1784131527208425000	889	872	33.214	35.059	1.055	31.1	19.7	24.1	612	700
271	1784131527555332000	889	872	33.61	34.208	1.017	63.7	42.7	51.2	322	499
272	1784131527853896000	889	872	33.543	35.173	1.048	18.4	15.4	16.8	725	737
273	1784131528130331000	889	872	33.811	34.441	1.018	63.2	43.3	51.4	327	494
274	1784131528483730000	889	872	34.002	35.463	1.042	4.1	3.2	3.6	852	844
275	1784131528837404000	889	872	34.186	35.35	1.034	64.3	38.1	47.9	317	539
276	1784131529188554000	889	872	34.513	35.442	1.026	30.3	13.0	18.2	619	758
277	1784131529485813000	883	872	34.78	35.751	1.027	50.1	22.0	30.6	440	680
278	1784131529771140000	889	873	34.974	35.716	1.021	21.4	6.3	9.7	698	818
279	1784131530050811000	881	872	35.428	36.21	1.022	57.7	25.1	35.0	372	653
280	1784131530394054000	889	872	35.604	36.051	1.012	17.8	7.9	10.9	730	803
281	1784131530687980000	889	873	35.933	36.547	1.017	38.5	25.0	30.4	546	654
282	1784131530942631000	889	873	36.127	36.458	1.009	0.8	4.0	1.4	881	838
283	1784131531284559000	882	872	36.341	36.772	1.011	69.5	38.1	49.2	269	539
284	1784131531633784000	889	872	36.361	36.772	1.011	15.2	11.3	13.0	753	773
285	1784131531922893000	884	872	36.56	36.948	1.01	28.8	15.9	20.5	629	733
286	1784131532193916000	889	872	36.676	37.11	1.011	60.1	43.5	50.5	354	492
287	1784131532479261000	887	871	37.157	37.459	1.008	57.4	48.4	52.5	377	449
288	1784131532778613000	889	871	37.305	37.698	1.01	83.2	68.8	75.3	149	271
289	1784131533060108000	889	869	37.817	37.976	1.004	52.6	26.1	34.9	421	642
290	1784131533332792000	889	870	37.698	38.146	1.011	70.5	68.6	69.5	262	273
291	1784131533617998000	889	870	38.028	38.615	1.015	88.1	69.7	77.9	105	263
292	1784131533897083000	889	871	38.382	38.674	1.007	67.9	67.2	67.6	285	285
293	1784131534200739000	889	871	38.835	38.951	1.002	65.8	55.4	60.1	304	388
294	1784131534492355000	889	872	38.854	39.066	1.005	65.4	60.7	63.0	307	342
295	1784131534799795000	889	872	39.315	39.669	1.009	69.6	59.0	63.9	270	357
296	1784131535093933000	889	872	39.41	39.751	1.008	66.9	58.0	62.1	294	366
297	1784131535379156000	889	872	39.707	40.139	1.01	67.7	51.2	58.3	287	425
298	1784131535670664000	889	872	39.757	40.511	1.018	58.4	39.6	47.2	369	526
299	1784131536028167000	889	872	40.301	41.032	1.018	68.8	47.9	56.5	277	454
300	1784131536329840000	889	872	40.511	41.215	1.017	60.7	43.6	50.8	349	491
301	1784131536611674000	889	872	40.647	41.511	1.021	65.4	41.0	50.4	307	514
302	1784131536915014000	889	872	40.505	41.583	1.026	51.7	30.9	38.7	429	602
303	1784131537204125000	889	872	40.425	41.721	1.032	42.5	24.7	31.3	511	656
304	1784131537483125000	889	872	41.032	42.031	1.024	61.0	37.9	46.8	346	541
305	1784131537807734000	889	872	40.616	42.031	1.034	43.7	26.6	33.0	500	640
306	1784131538092480000	889	872	40.953	42.245	1.031	50.9	30.9	38.5	436	602
307	1784131538375953000	889	872	41.245	42.346	1.026	56.2	41.7	47.9	389	508
308	1784131538647986000	889	872	41.469	42.469	1.024	70.3	46.6	56.1	264	465
309	1784131538975460000	889	872	41.523	42.646	1.027	51.4	33.6	40.6	432	579
310	1784131539279003000	889	872	42.15	42.839	1.016	75.1	53.5	62.5	221	405
311	1784131539568370000	889	872	42.563	42.99	1.01	74.1	60.6	66.7	230	343
312	1784131539887212000	889	872	43.193	43.077	0.997	71.3	57.3	63.5	255	372
313	1784131540210874000	889	872	43.193	42.92	0.993	81.6	63.1	71.2	163	321
314	1784131540505390000	889	872	43.234	43.089	0.996	76.6	58.3	66.2	208	363
315	1784131540798989000	889	872	43.459	42.932	0.987	82.3	56.1	66.7	157	382
316	1784131541096602000	886	872	43.842	43.372	0.989	62.4	41.7	50.0	333	508
317	1784131541427933000	889	872	44.24	42.698	0.965	5.6	5.7	5.6	839	822
318	1784131541731854000	881	872	44.121	43.499	0.985	72.1	38.0	49.8	245	540
319	1784131542014663000	882	872	44.426	42.346	0.953	3.6	4.9	4.1	850	829
320	1784131542309088000	887	872	43.888	43.722	0.996	48.3	36.0	41.2	458	558
321	1784131542603189000	884	872	44.132	42.245	0.957	1.3	4.0	2.0	872	837
322	1784131542959674000	884	872	44.047	44.336	1.006	45.5	35.5	39.9	481	562
323	1784131543258668000	881	872	44.454	42.334	0.952	0.0	0.0	0.0	881	872
324	1784131543558169000	885	874	43.482	43.568	1.001	54.6	46.7	50.4	401	465
325	1784131543833245000	884	872	44.471	42.127	0.947	0.6	0.2	0.3	878	870
326	1784131544129896000	888	871	43.945	43.876	0.998	52.2	41.9	46.5	424	506
327	1784131544411978000	883	871	44.796	41.769	0.932	0.0	0.0	0.0	883	871
328	1784131544758968000	882	872	44.594	43.355	0.972	69.5	32.2	44.0	269	591
329	1784131545037085000	881	872	44.656	41.457	0.928	0.0	0.0	0.0	881	872
330	1784131545342353000	883	872	44.516	43.493	0.977	79.5	40.4	53.6	181	519
331	1784131545661865000	889	872	44.166	41.184	0.932	0.5	1.6	0.8	884	858
332	1784131545948285000	889	872	43.888	42.891	0.977	33.7	25.4	29.0	589	650
333	1784131546232131000	887	872	43.996	40.929	0.93	1.1	0.4	0.6	877	868
334	1784131546519052000	885	873	43.556	41.727	0.958	29.6	16.8	21.4	623	726
335	1784131546797357000	887	872	43.482	41.105	0.945	29.5	6.7	11.0	625	813
336	1784131547110490000	889	872	43.176	41.481	0.96	31.0	15.3	20.5	613	738
337	1784131547403395000	883	872	43.274	40.604	0.938	31.9	7.1	11.6	601	810
338	1784131547749428000	887	871	42.587	41.117	0.965	51.8	29.7	37.7	427	612
339	1784131548109764000	889	871	42.634	40.226	0.943	4.0	2.1	2.8	853	852
340	1784131548403923000	889	871	42.204	41.117	0.974	33.1	20.7	25.5	594	690
341	1784131548766961000	889	871	41.9	39.612	0.945	4.7	3.4	3.9	847	841
342	1784131549064028000	889	872	41.966	40.443	0.963	49.8	25.9	34.0	446	646
343	1784131549384106000	889	872	42.18	39.669	0.94	23.0	7.4	11.2	684	807
344	1784131549679044000	889	872	42.61	39.826	0.934	29.2	12.9	17.9	629	759
345	1784131549967725000	889	872	42.786	39.047	0.912	0.0	0.0	0.0	889	872
346	1784131550271743000	889	872	42.304	40.567	0.958	64.5	32.6	43.3	315	587
347	1784131550631801000	889	872	42.127	39.162	0.929	11.5	3.6	5.5	786	840
348	1784131551000444000	889	872	41.727	40.812	0.978	37.5	21.4	27.3	555	685
349	1784131551355419000	889	872	41.396	39.946	0.964	45.8	23.2	30.8	481	669
350	1784131551646522000	889	872	41.233	39.895	0.967	53.6	24.8	34.0	412	655
351	1784131551937883000	889	872	40.971	39.162	0.955	29.5	11.5	16.6	626	771
352	1784131552240089000	889	872	41.105	39.149	0.952	54.5	15.9	24.6	404	733
353	1784131552539888000	889	872	40.702	38.022	0.934	30.2	8.2	12.9	620	800
354	1784131552908153000	885	872	40.567	38.97	0.96	58.3	25.2	35.2	369	652
355	1784131553186972000	889	872	40.108	38.087	0.949	26.9	11.8	16.4	649	769
356	1784131553468213000	884	872	40.039	38.809	0.969	62.4	28.0	38.7	332	627
357	1784131553751193000	889	872	39.48	37.625	0.953	12.4	5.0	7.1	778	828
358	1784131554050963000	884	873	39.206	38.732	0.987	76.9	42.3	54.6	204	503
359	1784131554361790000	882	872	39.168	36.663	0.936	0.0	0.0	0.0	882	872
360	1784131554639799000	882	872	38.712	37.857	0.977	73.5	39.3	51.2	233	529
361	1784131554920491000	883	872	38.544	36.341	0.942	0.0	0.0	0.0	883	872
362	1784131555209796000	889	873	37.989	37.385	0.984	25.3	13.6	17.7	664	754
363	1784131555525982000	883	872	38.087	36.341	0.954	0.0	0.0	0.0	883	872
364	1784131555820160000	887	871	37.645	36.519	0.97	47.4	26.9	34.4	466	636
365	1784131556123527000	889	872	37.184	35.73	0.96	0.0	0.0	0.0	889	872
366	1784131556431246000	889	873	37.177	36.237	0.974	40.0	24.0	30.0	533	663
367	1784131556702984000	886	872	36.887	35.981	0.975	3.0	0.9	1.4	859	864
368	1784131557004672000	886	872	36.608	35.604	0.972	55.9	26.6	36.0	390	640
369	1784131557274678000	889	872	36.485	35.435	0.971	47.5	18.6	26.8	466	709
370	1784131557574194000	889	873	35.988	35.209	0.978	17.8	9.5	12.4	730	790
371	1784131557844161000	888	872	35.821	35.095	0.979	66.3	31.7	42.9	299	595
372	1784131558144575000	889	872	35.772	35.059	0.98	11.0	6.8	8.4	791	812
373	1784131558432579000	889	872	35.357	34.802	0.984	64.7	26.9	38.0	313	637
374	1784131558723776000	889	872	35.329	34.78	0.984	8.0	7.5	7.8	817	806
375	1784131559006696000	889	872	35.052	34.686	0.989	28.5	13.6	18.4	635	753
376	1784131559286949000	889	872	34.816	34.339	0.986	14.5	11.2	12.6	760	774
377	1784131559600661000	889	872	34.506	34.295	0.993	57.4	22.5	32.4	378	675
378	1784131559884772000	889	872	34.643	34.339	0.991	17.0	12.5	14.4	737	763
379	1784131560187636000	889	872	34.332	34.368	1.001	18.4	12.3	14.8	725	764
380	1784131560466954000	889	872	34.147	34.324	1.005	34.1	14.3	20.2	585	747
381	1784131560745247000	889	872	34.002	34.156	1.004	18.3	14.7	16.3	726	743
382	1784131561027981000	889	872	33.699	34.333	1.018	27.8	12.1	16.9	641	766
383	1784131561308695000	889	872	33.907	34.499	1.017	16.9	13.4	14.9	738	755
384	1784131561594903000	889	872	32.957	33.803	1.025	28.2	8.7	13.3	638	796
385	1784131561882944000	889	872	33.199	34.12	1.027	11.4	10.3	10.8	787	782
386	1784131562158466000	889	872	32.713	33.87	1.035	11.0	7.7	9.1	791	804
387	1784131562453845000	889	872	33.199	34.105	1.027	12.8	9.8	11.1	775	786
388	1784131562765999000	889	872	32.69	33.707	1.031	24.9	14.3	18.2	667	747
389	1784131563056346000	889	872	32.713	34.208	1.045	38.2	13.7	20.2	549	752
390	1784131563375542000	889	872	32.228	33.729	1.046	1.5	1.1	1.3	875	862
391	1784131563664406000	889	872	32.552	34.462	1.058	33.7	10.0	15.5	589	784
392	1784131563960844000	885	872	32.112	33.524	1.043	27.9	12.1	16.9	638	766
393	1784131564236483000	889	872	32.259	34.142	1.058	43.3	18.5	26.0	504	710
394	1784131564521809000	889	872	31.932	33.899	1.061	23.6	11.8	15.7	679	769
395	1784131564815518000	889	872	32.096	33.416	1.041	38.9	18.2	24.8	543	713
396	1784131565104948000	889	872	32.267	34.273	1.062	17.6	11.4	13.9	732	772
397	1784131565373734000	884	872	31.673	32.637	1.03	67.9	34.8	46.0	283	568
398	1784131565657930000	889	872	32.406	34.251	1.056	21.7	12.8	16.1	696	760
399	1784131565992849000	889	872	31.751	32.927	1.037	67.6	31.8	43.3	288	594
400	1784131566350158000	887	872	31.696	34.302	1.082	6.4	4.4	5.2	830	833
401	1784131566633342000	887	872	31.736	34.339	1.082	27.6	13.3	17.9	642	756
402	1784131566917696000	889	872	31.57	34.324	1.087	20.9	8.1	11.7	703	801
403	1784131567198786000	883	872	31.283	32.383	1.035	27.6	13.7	18.3	639	752
404	1784131567485038000	889	872	31.594	34.273	1.084	23.2	8.7	12.6	682	796
405	1784131567788901000	889	872	31.443	32.112	1.021	75.3	35.4	48.2	219	563
406	1784131568063037000	889	872	31.522	34.288	1.087	15.8	7.6	10.3	748	805
407	1784131568336391000	889	872	31.419	32.499	1.034	66.5	36.8	47.4	297	551
408	1784131568631116000	889	872	31.506	34.65	1.099	1.0	0.4	0.6	880	868
409	1784131568950538000	889	872	31.562	32.782	1.038	48.7	21.9	30.2	456	681
410	1784131569206968000	889	872	31.846	34.852	1.094	0.3	0.2	0.2	886	870
411	1784131569562507000	882	872	32.112	32.942	1.025	77.8	43.6	55.9	195	491
412	1784131569821498000	889	872	32.041	34.945	1.09	5.6	9.4	7.0	839	790
413	1784131570117083000	889	872	32.414	33.84	1.044	57.3	34.1	42.8	379	574
414	1784131570394885000	889	872	32.621	35.145	1.077	25.8	29.1	27.4	659	618
415	1784131570670931000	889	872	32.881	33.951	1.032	55.7	41.3	47.5	393	511
416	1784131570928204000	889	872	33.01	35.18	1.065	48.4	40.9	44.3	458	515
417	1784131571221844000	889	872	33.296	34.361	1.031	63.4	48.1	54.7	325	452
418	1784131571498074000	889	872	33.259	34.65	1.041	76.6	57.3	65.5	208	372
419	1784131571763977000	889	872	33.543	34.78	1.036	55.0	47.3	50.8	400	459
420	1784131572061511000	886	872	33.409	35.016	1.048	55.9	35.7	43.6	390	560
421	1784131572341569000	889	872	33.662	34.715	1.031	52.9	32.7	40.5	418	586
422	1784131572612391000	886	871	33.685	35.273	1.047	10.9	4.2	6.1	789	834
423	1784131572912511000	889	871	33.833	35.265	1.042	1.4	1.9	1.6	876	854
424	1784131573182546000	889	871	34.149	35.145	1.029	50.5	29.1	36.9	440	617
425	1784131573466012000	889	871	34.346	35.618	1.037	0.1	0.1	0.1	888	870
426	1784131573747287000	889	871	34.636	35.421	1.022	53.7	27.6	36.5	411	630
427	1784131574027643000	889	872	34.924	35.967	1.029	3.1	0.8	1.2	861	865
428	1784131574306453000	883	872	35.088	35.421	1.009	47.2	22.3	30.3	466	677
429	1784131574591987000	881	873	35.59	36.279	1.019	13.1	3.4	5.4	765	843
430	1784131574871894000	887	872	35.618	35.967	1.009	37.3	19.0	25.2	556	706
431	1784131575148873000	886	873	35.933	36.437	1.014	30.0	18.5	22.9	620	711
432	1784131575424040000	889	873	36.251	36.437	1.005	3.1	1.6	2.1	861	859
433	1784131575728456000	889	872	36.085	36.772	1.019	3.5	2.0	2.6	857	854
434	1784131575998973000	887	872	36.265	36.437	1.004	11.8	13.0	12.4	782	758
435	1784131576304984000	889	872	36.676	37.432	1.02	32.8	17.2	22.5	597	722
436	1784131576653528000	889	872	36.873	37.258	1.01	68.3	59.1	63.4	281	356
437	1784131577001584000	889	870	37.177	37.632	1.012	81.3	66.7	73.3	166	289
438	1784131577321856000	889	870	37.352	37.857	1.013	79.6	72.8	76.1	181	236
439	1784131577599174000	889	870	38.12	38.055	0.998	11.6	12.4	12.0	785	762
440	1784131577915712000	889	869	37.89	38.499	1.016	67.6	66.7	67.1	288	289
441	1784131578214799000	889	870	38.028	38.499	1.012	74.3	68.8	71.4	228	271
442	1784131578492418000	889	871	38.388	39.066	1.017	69.1	52.9	59.9	274	410
443	1784131578779841000	889	872	39.04	39.467	1.01	71.0	63.0	66.8	257	322
444	1784131579145776000	889	872	39.2	39.751	1.014	72.1	65.0	68.3	248	305
445	1784131579506877000	889	872	39.404	39.682	1.007	66.3	55.6	60.5	299	387
446	1784131579804955000	889	872	39.549	40.201	1.016	65.8	51.6	57.8	304	422
447	1784131580101208000	889	872	39.883	40.387	1.012	66.2	51.7	58.0	300	421
448	1784131580416173000	889	872	40.133	41.002	1.021	67.1	45.4	54.1	292	476
449	1784131580694049000	889	872	40.523	41.069	1.013	72.4	47.4	57.3	245	458
450	1784131580980867000	889	872	40.095	41.36	1.031	40.7	26.4	32.0	527	641
451	1784131581266602000	889	871	40.585	41.847	1.031	48.7	30.1	37.2	456	608
452	1784131581553673000	889	871	40.567	42.162	1.039	31.6	16.7	21.9	608	725
453	1784131581861460000	889	870	40.904	42.328	1.034	56.3	33.3	41.8	388	580
454	1784131582153796000	889	870	40.904	42.469	1.038	41.9	23.6	30.2	516	664
455	1784131582464066000	889	870	41.026	42.552	1.037	51.5	32.0	39.5	431	591
456	1784131582726867000	889	869	41.051	42.687	1.039	37.9	21.2	27.2	552	684
457	1784131583086662000	889	871	41.426	42.704	1.03	52.5	33.7	41.0	422	577
458	1784131583384683000	889	871	41.601	42.663	1.025	58.9	39.8	47.5	365	524
459	1784131583672704000	889	872	42.346	42.728	1.009	70.3	52.1	59.9	264	417
460	1784131583995852000	889	872	42.675	42.78	1.002	75.4	55.8	64.1	218	385
461	1784131584292695000	889	872	42.821	42.833	1.0	70.9	52.1	60.1	258	417
462	1784131584654794000	889	872	42.704	42.978	1.006	84.1	64.7	73.2	141	307
463	1784131584923159000	889	872	43.112	42.961	0.996	72.4	56.3	63.3	245	381
464	1784131585195735000	887	872	43.326	42.909	0.99	74.5	55.6	63.6	226	387
465	1784131585471643000	889	872	43.717	43.21	0.988	71.9	50.3	59.2	249	433
466	1784131585825256000	885	872	43.717	42.856	0.98	70.7	48.8	57.7	259	446
467	1784131586122237000	883	872	43.859	43.054	0.981	62.0	40.4	49.0	335	519
468	1784131586408866000	887	872	44.341	42.728	0.963	19.7	6.8	10.2	712	812
469	1784131586707625000	884	871	44.24	43.384	0.98	72.6	35.5	47.7	242	561
470	1784131586975523000	884	871	44.504	42.346	0.951	1.6	2.7	2.1	869	847
471	1784131587284696000	885	872	44.426	43.939	0.989	76.1	36.1	49.0	211	557
472	1784131587605804000	883	872	44.228	42.286	0.956	17.6	3.8	6.3	727	838
473	1784131587914708000	889	872	44.673	44.109	0.987	80.6	41.0	54.4	172	514
474	1784131588271939000	884	872	44.773	42.44	0.947	27.9	8.6	13.1	637	797
475	1784131588567365000	889	873	44.527	43.286	0.972	66.3	29.3	40.6	299	617
476	1784131588845551000	884	873	44.633	41.859	0.937	28.8	4.2	7.3	629	836
477	1784131589137112000	886	874	44.03	43.945	0.998	33.8	16.7	22.3	586	728
478	1784131589492979000	885	872	43.979	42.587	0.968	33.5	16.2	21.9	588	730
479	1784131589778765000	883	871	44.251	43.326	0.979	60.1	31.1	41.0	352	600
480	1784131590074673000	888	870	43.51	41.619	0.956	30.4	7.3	11.8	618	806
481	1784131590368410000	887	870	43.739	42.874	0.98	44.6	20.4	28.0	491	692
482	1784131590662703000	889	871	43.441	41.105	0.946	27.5	5.6	9.3	644	822
483	1784131591024514000	887	870	43.505	41.583	0.955	45.9	24.9	32.3	479	653
484	1784131591318813000	888	870	43.372	41.444	0.955	43.9	20.4	27.9	498	692
485	1784131591612335000	884	870	43.499	41.124	0.945	49.2	17.5	25.9	449	717
486	1784131591902666000	889	871	42.92	40.849	0.951	37.2	15.7	22.1	558	734
487	1784131592198955000	889	872	43.338	41.026	0.946	48.9	18.2	26.5	454	713
488	1784131592524812000	889	872	42.687	40.769	0.955	26.9	12.0	16.6	649	767
489	1784131592814800000	889	872	42.681	41.002	0.96	39.3	16.3	23.1	539	729
490	1784131593085964000	889	872	42.292	40.127	0.948	16.9	6.3	9.1	738	817
491	1784131593363393000	889	872	42.239	41.263	0.976	60.1	27.2	37.5	354	634
492	1784131593670213000	889	872	41.721	39.663	0.95	14.0	5.2	7.6	764	826
493	1784131593947316000	889	872	42.422	40.745	0.96	67.8	30.5	42.0	286	606
494	1784131594245267000	889	872	42.381	39.206	0.925	2.3	0.8	1.1	868	865
495	1784131594563939000	889	871	42.334	40.089	0.946	24.9	13.8	17.8	667	750
496	1784131594844817000	889	871	42.375	38.822	0.916	0.0	0.0	0.0	889	871
497	1784131595138030000	889	870	41.906	41.178	0.982	76.0	40.9	53.2	213	514
498	1784131595435445000	887	870	41.93	38.531	0.918	0.0	0.0	0.0	887	870
499	1784131595762782000	886	871	41.631	40.628	0.975	56.5	28.3	37.7	385	624
500	1784131596048882000	887	871	41.541	38.349	0.923	0.0	0.0	0.0	887	871
501	1784131596328075000	889	872	41.233	39.883	0.967	48.8	24.3	32.4	455	660
502	1784131596629356000	888	872	41.306	38.29	0.927	0.0	0.0	0.0	888	872
503	1784131596912055000	889	872	40.794	39.13	0.959	40.8	18.2	25.2	526	713
504	1784131597236483000	886	872	40.653	38.583	0.949	45.9	10.2	16.7	479	783
505	1784131597545616000	889	872	39.921	38.641	0.967	6.1	1.7	2.6	834	857
506	1784131597840585000	882	872	39.895	38.434	0.963	28.5	8.0	12.5	630	802
507	1784131598171219000	884	872	39.442	38.356	0.972	16.1	6.7	9.5	741	813
508	1784131598490714000	881	872	39.537	37.837	0.957	31.5	8.8	13.7	603	795
509	1784131598825173000	887	872	38.828	37.479	0.965	20.4	10.2	13.6	706	783
510	1784131599137079000	882	872	38.906	37.499	0.963	47.7	14.7	22.5	461	743
511	1784131599407915000	882	872	38.423	37.049	0.964	20.9	9.5	13.0	697	789
512	1784131599704396000	881	872	38.525	37.625	0.976	46.7	19.3	27.4	469	703
513	1784131600005299000	883	872	38.087	36.196	0.95	22.8	4.8	7.9	681	830
514	1784131600318009000	883	872	37.599	36.444	0.969	47.1	19.4	27.5	467	702
515	1784131600608727000	889	872	37.197	35.576	0.956	0.7	0.5	0.6	882	867
516	1784131600915829000	882	872	36.928	36.444	0.986	4.5	1.0	1.6	842	863
517	1784131601216192000	889	872	36.758	35.611	0.968	5.7	2.0	3.0	838	854
518	1784131601498942000	885	872	36.635	35.912	0.98	73.2	31.6	44.1	237	596
519	1784131601774217000	889	872	36.161	35.116	0.971	0.1	0.1	0.1	888	871
520	1784131602068379000	886	872	35.967	35.166	0.977	50.2	25.8	34.0	441	647
521	1784131602360908000	889	872	35.772	34.873	0.974	7.3	5.1	6.0	824	827
522	1784131602664614000	889	872	35.506	34.823	0.98	53.9	27.9	36.8	409	628
523	1784131602966502000	889	872	35.357	34.751	0.982	2.4	2.9	2.7	867	846
524	1784131603276427000	889	872	35.081	34.578	0.985	11.0	5.6	7.4	791	823
525	1784131603581811000	889	872	34.773	34.375	0.988	26.6	11.3	15.9	652	773
526	1784131603903806000	889	872	34.397	34.054	0.99	35.5	19.0	24.7	573	706
527	1784131604202796000	889	872	34.65	34.585	0.998	14.3	10.4	12.1	761	781
528	1784131604515010000	889	872	34.054	33.929	0.996	42.9	23.7	30.5	507	665
529	1784131604832818000	889	872	34.222	34.178	0.998	20.2	12.6	15.5	709	762
530	1784131605118154000	889	872	33.884	33.995	1.003	22.9	15.9	18.8	685	733
531	1784131605402953000	889	872	33.788	34.105	1.009	63.8	35.0	45.3	321	566
532	1784131605695044000	889	872	33.803	34.6	1.023	13.3	12.0	12.6	770	767
533	1784131605998290000	889	872	33.274	34.397	1.033	21.1	5.0	8.1	701	828
534	1784131606270619000	889	872	33.409	34.324	1.027	8.7	6.6	7.5	811	814
535	1784131606556147000	889	872	32.889	33.877	1.03	11.2	5.5	7.3	789	824
536	1784131606882819000	889	872	33.033	34.237	1.036	8.3	6.5	7.3	815	815
537	1784131607201791000	889	872	32.483	33.633	1.035	31.6	17.2	22.2	608	722
538	1784131607472356000	889	872	32.767	34.178	1.043	10.2	8.1	9.0	798	801
539	1784131607743927000	888	872	32.213	33.409	1.037	32.5	17.2	22.5	599	722
540	1784131608024896000	889	872	32.69	34.324	1.049	41.3	18.8	25.8	521	708
541	1784131608309884000	889	872	32.151	33.699	1.048	21.8	10.8	14.5	695	777
542	1784131608589194000	889	872	32.267	33.884	1.05	60.0	28.0	38.2	355	627
543	1784131608927808000	889	872	31.885	33.662	1.055	9.6	4.2	5.8	803	835
544	1784131609277538000	889	872	32.344	34.215	1.057	33.5	14.6	20.4	591	744
545	1784131609569658000	889	872	31.94	33.677	1.054	22.8	10.7	14.6	686	778
546	1784131609932388000	889	872	32.213	34.477	1.07	26.4	11.6	16.2	654	770
547	1784131610217042000	884	872	31.751	34.105	1.074	9.7	4.4	6.1	798	833
548	1784131610507267000	888	872	31.916	34.368	1.076	35.8	14.5	20.7	570	745
549	1784131610868884000	883	872	31.475	32.927	1.046	29.1	12.3	17.3	626	764
550	1784131611141378000	884	872	31.657	34.244	1.081	21.8	10.6	14.3	691	779
551	1784131611443802000	889	872	31.435	33.633	1.069	27.7	16.3	20.6	642	729
552	1784131611734800000	888	872	31.443	34.237	1.088	40.2	19.1	25.9	531	705
553	1784131612006766000	889	872	31.443	34.068	1.083	20.9	12.3	15.5	703	764
554	1784131612309250000	889	870	31.252	33.662	1.077	21.0	9.7	13.3	702	785
555	1784131612590604000	889	869	31.641	33.965	1.073	32.9	18.6	23.8	596	707
556	1784131612881587000	889	870	31.641	34.237	1.082	47.0	15.9	23.8	471	731
557	1784131613190349000	889	869	31.854	33.394	1.048	46.5	24.3	32.0	475	657
558	1784131613503832000	887	871	31.783	34.888	1.097	21.5	9.2	12.9	696	790
559	1784131613790250000	889	872	32.104	34.237	1.066	32.6	14.1	19.6	599	749
560	1784131614071106000	889	872	31.995	33.98	1.062	67.3	35.4	46.4	290	563
561	1784131614339582000	889	872	32.398	34.701	1.071	44.8	29.0	35.2	490	619
562	1784131614622106000	889	872	32.46	34.288	1.056	64.2	32.4	43.1	318	589
563	1784131614891010000	889	872	32.644	35.173	1.077	29.2	34.2	31.5	629	573
564	1784131615155031000	889	872	32.896	33.803	1.027	59.9	46.6	52.4	356	465
565	1784131615440536000	889	872	33.033	35.038	1.06	42.5	37.7	39.9	511	543
566	1784131615735220000	889	872	33.304	33.921	1.018	65.0	54.9	59.5	311	393
567	1784131616007870000	889	872	33.161	34.643	1.044	56.3	44.8	49.9	388	481
568	1784131616279981000	889	871	33.696	34.455	1.022	62.7	52.0	56.8	331	418
569	1784131616628126000	889	869	33.543	35.123	1.047	32.8	21.8	26.2	597	679
570	1784131616931884000	889	870	33.803	34.773	1.028	42.6	29.5	34.8	510	613
571	1784131617218637000	889	870	33.855	35.506	1.048	2.3	0.8	1.2	868	863
572	1784131617513696000	889	871	28.092	26.356	0.938	54.8	30.9	39.6	401	601
573	1784131617800798000	889	612	27.471	26.195	0.953	17.3	22.8	19.7	735	472
574	1784131618096488000	889	636	27.725	24.539	0.885	26.0	21.5	23.6	657	499
575	1784131618374351000	889	647	29.844	20.547	0.688	0.0	0.0	0.0	889	647
576	1784131618675533000	889	610	29.911	20.837	0.696	0.3	0.3	0.3	886	608
577	1784131618970184000	889	594	30.185	22.576	0.747	0.4	0.3	0.3	885	592
578	1784131619296720000	889	629	28.039	20.825	0.742	6.1	4.1	4.9	834	603
579	1784131619604487000	889	636	28.743	23.805	0.828	53.6	30.9	39.2	412	439
580	1784131619898779000	889	656	28.225	18.444	0.653	0.0	0.0	0.0	889	656
581	1784131620220147000	889	668	27.797	22.264	0.8	24.6	11.0	15.2	670	594
582	1784131620526439000	889	660	26.761	18.511	0.691	6.9	1.2	2.0	827	652
583	1784131620867926000	889	647	26.166	23.731	0.906	30.7	23.6	26.7	616	494
584	1784131621157917000	889	662	25.713	19.279	0.749	7.4	4.6	5.7	823	631
585	1784131621487385000	889	659	25.897	23.025	0.889	66.0	39.4	49.3	302	399
586	1784131621816961000	889	679	25.301	18.659	0.737	0.0	0.0	0.0	889	679
587	1784131622128549000	889	698	25.272	21.614	0.855	59.9	31.6	41.4	356	477
588	1784131622461175000	889	706	25.232	17.977	0.712	0.0	0.0	0.0	889	706
589	1784131622756720000	889	712	25.093	23.826	0.949	73.0	39.1	50.9	240	433
590	1784131623038601000	889	716	24.539	18.253	0.743	0.0	0.0	0.0	889	716
591	1784131623367954000	889	715	24.324	24.107	0.991	61.7	37.7	46.8	340	445
592	1784131623706261000	889	713	24.211	18.019	0.744	0.0	0.0	0.0	889	713
593	1784131624005954000	889	728	23.699	20.277	0.855	54.2	29.9	38.5	407	510
594	1784131624306424000	889	734	23.466	17.697	0.754	0.0	0.0	0.0	889	734
595	1784131624619604000	889	760	23.177	21.463	0.926	60.0	27.6	37.8	355	550
596	1784131624925936000	889	748	22.862	17.569	0.768	0.0	0.0	0.0	889	748
597	1784131625254838000	886	751	23.08	20.944	0.907	71.5	39.4	50.8	252	455
598	1784131625544321000	889	748	22.554	17.455	0.773	0.0	0.0	0.0	889	748
599	1784131625848084000	889	750	22.14	19.575	0.884	54.7	24.4	33.7	402	567
600	1784131626159275000	889	754	22.185	17.354	0.782	0.0	0.0	0.0	889	754
601	1784131626448016000	889	781	21.299	18.253	0.856	10.3	6.7	8.1	797	728
602	1784131626748664000	886	767	21.798	18.335	0.841	35.3	19.2	24.9	573	619
603	1784131627061251000	889	788	20.956	17.767	0.847	4.0	1.1	1.7	853	779
604	1784131627362466000	885	776	21.264	19.188	0.902	23.8	13.4	17.1	674	672
605	1784131627651430000	886	791	20.944	17.268	0.824	19.5	7.4	10.7	713	732
606	1784131627937772000	889	782	20.813	19.511	0.937	42.9	24.1	30.9	507	593
607	1784131628217616000	885	787	20.813	16.872	0.81	0.0	0.0	0.0	885	787
608	1784131628514569000	889	790	20.042	17.725	0.884	22.7	14.8	17.9	687	673
609	1784131628802854000	882	798	20.388	16.558	0.812	0.0	0.0	0.0	882	798
610	1784131629109456000	889	806	19.524	18.143	0.929	10.3	3.5	5.3	797	777
611	1784131629425684000	881	805	19.791	16.345	0.825	0.0	0.0	0.0	881	805
612	1784131629782423000	887	811	19.524	19.727	1.01	55.1	29.3	38.3	398	573
613	1784131630088922000	882	815	19.575	16.13	0.824	0.0	0.0	0.0	882	815
614	1784131630384081000	889	823	18.43	17.498	0.949	17.7	8.8	11.8	731	750
615	1784131630689002000	883	830	19.07	16.083	0.843	1.6	0.6	0.8	868	825
616	1784131630971892000	889	831	17.907	17.426	0.973	20.9	9.0	12.6	703	756
617	1784131631258586000	883	839	18.632	16.753	0.899	26.5	12.6	17.1	649	733
618	1784131631536112000	888	841	17.711	16.857	0.951	27.5	9.0	13.6	643	765
619	1784131631823547000	883	846	18.267	17.108	0.936	48.4	16.6	24.8	455	705
620	1784131632118868000	889	846	17.412	16.693	0.958	29.2	8.8	13.6	629	771
621	1784131632400869000	882	856	17.711	16.99	0.959	52.4	19.3	28.3	419	690
622	1784131632766569000	889	859	16.798	16.376	0.974	26.6	10.5	15.1	652	768
623	1784131633052290000	884	863	17.078	17.325	1.014	37.2	16.8	23.1	555	718
624	1784131633339747000	889	866	16.114	15.99	0.992	29.6	12.2	17.3	625	760
625	1784131633612288000	889	869	15.753	17.297	1.097	19.0	7.8	11.0	720	801
626	1784131633891945000	889	866	15.801	15.056	0.952	26.0	11.3	15.7	657	768
627	1784131634179261000	889	869	15.562	16.558	1.064	24.5	9.3	13.5	671	788
628	1784131634539584000	887	869	15.481	14.652	0.946	46.1	18.0	25.9	478	712
629	1784131634811823000	882	870	16.223	15.911	0.98	81.5	45.2	58.2	163	476
630	1784131635109121000	889	870	15.864	14.095	0.888	36.4	8.9	14.3	565	792
631	1784131635428840000	881	870	16.269	15.562	0.956	45.7	29.1	35.6	478	616
632	1784131635716038000	889	870	14.754	13.863	0.939	29.9	10.6	15.7	623	777
633	1784131635997643000	886	874	15.022	15.801	1.051	47.1	17.3	25.4	468	722
634	1784131636302924000	881	872	15.594	13.179	0.845	9.9	1.9	3.2	793	855
635	1784131636604192000	881	873	15.122	14.72	0.973	90.6	42.2	57.6	82	504
636	1784131636882349000	881	875	15.171	12.794	0.843	3.1	0.6	1.1	853	869
637	1784131637200012000	882	875	14.341	15.433	1.076	26.0	8.3	12.6	652	802
638	1784131637470484000	881	875	14.905	12.656	0.849	6.2	1.7	2.6	826	860
639	1784131637761192000	882	876	13.772	14.838	1.077	20.7	6.1	9.5	699	822
640	1784131638067440000	881	877	14.939	12.214	0.817	0.5	0.9	0.6	876	869
641	1784131638354105000	883	879	13.497	14.306	1.059	10.6	3.5	5.2	789	848
642	1784131638626943000	881	878	14.289	14.411	1.008	44.7	22.3	29.7	487	682
643	1784131638889723000	882	879	13.988	11.903	0.85	10.8	1.7	2.9	786	864
644	1784131639169692000	881	882	14.411	15.006	1.041	74.9	43.0	54.7	221	502
645	1784131639435972000	881	881	14.618	11.54	0.789	0.0	0.0	0.0	881	881
646	1784131639721877000	881	883	13.79	13.718	0.994	72.9	32.8	45.3	238	593
647	1784131640011245000	881	881	14.549	11.344	0.779	0.0	0.0	0.0	881	881
648	1784131640302584000	881	883	13.589	14.72	1.083	18.8	5.4	8.4	715	835
649	1784131640603520000	881	881	14.394	11.076	0.769	0.0	0.0	0.0	881	881
650	1784131640895874000	882	884	12.987	14.618	1.125	8.2	2.2	3.5	809	864
651	1784131641253471000	881	881	13.863	10.755	0.775	0.0	0.0	0.0	881	881
652	1784131641546154000	881	883	13.16	14.618	1.11	18.1	5.6	8.6	721	833
653	1784131641846335000	881	881	13.553	10.638	0.784	0.0	0.0	0.0	881	881
654	1784131642144234000	882	882	13.064	14.148	1.082	51.9	14.6	22.8	424	753
655	1784131642436978000	881	881	13.516	10.425	0.771	0.0	0.0	0.0	881	881
656	1784131642718139000	881	882	12.833	13.808	1.076	52.0	29.8	37.9	422	619
657	1784131643004029000	881	881	13.179	10.28	0.78	0.0	0.0	0.0	881	881
658	1784131643294850000	881	882	12.457	13.808	1.108	23.6	6.4	10.1	673	825
659	1784131643573010000	881	881	12.949	10.207	0.788	0.0	0.0	0.0	881	881
660	1784131643843456000	881	883	12.336	13.442	1.089	27.8	7.1	11.3	636	820
661	1784131644191487000	881	882	13.007	9.908	0.761	0.0	0.0	0.0	881	882
662	1784131644472812000	881	884	12.255	13.16	1.073	47.6	17.9	26.1	461	725
663	1784131644832809000	881	881	12.833	9.781	0.762	0.0	0.0	0.0	881	881
664	1784131645186598000	881	881	12.07	11.008	0.912	26.1	6.4	10.3	651	824
665	1784131645456408000	881	881	11.945	11.233	0.94	52.4	16.5	25.1	419	735
666	1784131645757768000	881	881	11.903	11.648	0.978	42.6	26.4	32.6	505	648
667	1784131646059577000	881	882	12.09	11.755	0.972	66.9	26.4	37.8	291	649
668	1784131646349214000	881	881	12.275	11.712	0.954	50.9	28.2	36.3	432	632
669	1784131646623655000	881	881	11.986	10.638	0.887	47.7	14.8	22.6	460	750
670	1784131646921859000	881	882	12.09	12.028	0.994	57.8	40.4	47.6	371	525
671	1784131647249586000	881	882	12.457	10.256	0.823	39.6	6.6	11.4	532	823
672	1784131647545499000	881	881	12.316	12.336	1.001	67.1	45.2	54.1	289	482
673	1784131647827169000	881	882	12.794	10.133	0.792	35.1	4.0	7.3	571	846
674	1784131648122486000	881	881	12.09	12.517	1.035	48.1	25.4	33.2	457	657
675	1784131648406524000	881	881	12.173	10.401	0.854	0.6	1.2	0.8	875	870
676	1784131648716075000	881	882	11.986	12.397	1.034	26.5	13.8	18.1	647	760
677	1784131649061914000	881	881	11.497	11.605	1.009	50.6	14.8	22.9	435	750
678	1784131649352918000	881	881	11.605	11.797	1.016	44.2	21.9	29.3	491	688
679	1784131649615505000	881	881	10.985	9.984	0.908	25.4	3.6	6.3	657	849
680	1784131649897818000	881	884	10.615	11.882	1.119	9.4	1.9	3.1	798	867
681	1784131650183761000	881	883	10.449	9.364	0.896	9.1	2.6	4.0	800	860
682	1784131650444145000	882	882	9.679	11.818	1.221	0.0	0.0	0.0	882	882
683	1784131650698376000	881	881	9.549	8.407	0.88	0.0	0.0	0.0	881	881
684	1784131651013507000	883	882	8.613	10.779	1.251	0.0	0.0	0.0	883	882
685	1784131651286229000	881	881	8.525	7.758	0.909	0.0	0.0	0.0	881	881
686	1784131651570097000	889	882	7.495	9.832	1.311	0.0	0.0	0.0	889	882
687	1784131651829773000	881	881	7.758	7.292	0.94	0.0	0.0	0.0	881	881
688	1784131652154842000	886	885	6.734	8.785	1.304	0.0	0.0	0.0	886	885
689	1784131652420242000	881	881	6.977	6.977	1.0	0.0	0.0	0.0	881	881
690	1784131652766378000	889	882	6.179	7.79	1.26	0.0	0.0	0.0	889	882
691	1784131653017853000	881	885	6.057	6.417	1.059	18.9	4.1	6.8	714	848
692	1784131653359322000	883	882	5.629	6.759	1.2	0.0	0.0	0.0	883	882
693	1784131653636581000	881	883	5.539	6.015	1.085	13.3	2.1	3.7	763	864
694	1784131653918357000	888	883	5.117	6.339	1.238	0.0	0.0	0.0	888	883
695	1784131654190576000	888	883	5.068	5.717	1.128	47.6	9.6	16.0	465	798
696	1784131654447878000	882	883	4.602	5.673	1.232	7.9	2.2	3.5	812	863
697	1784131654706736000	882	883	4.602	5.261	1.143	19.3	5.2	8.2	711	837
698	1784131655000260000	882	882	4.085	4.968	1.216	0.0	0.0	0.0	882	882
699	1784131655337645000	889	883	3.96	4.71	1.189	3.0	4.5	3.6	862	843
700	1784131655618397000	883	882	3.699	4.493	1.214	0.2	0.7	0.3	881	875
701	1784131655952669000	881	882	3.491	4.264	1.221	35.5	16.8	22.8	568	733
702	1784131656248926000	881	882	2.947	3.561	1.208	45.5	9.2	15.4	480	800
703	1784131656536875000	881	882	2.772	3.344	1.206	42.5	13.9	21.0	506	759
704	1784131656795130000	881	883	2.772	3.269	1.179	35.3	7.2	12.0	570	819
705	1784131657072744000	881	881	2.586	3.344	1.293	0.0	0.0	0.0	881	881
706	1784131657343196000	881	884	2.772	3.031	1.093	17.9	10.1	12.9	723	794
707	1784131657626620000	881	881	2.384	3.031	1.27	7.7	0.1	0.2	813	880
708	1784131657907561000	882	883	2.772	2.68	0.966	73.6	34.8	47.3	232	575
709	1784131658221825000	881	881	2.277	2.861	1.256	6.3	18.9	9.5	825	714
710	1784131658512182000	881	883	2.487	2.487	1.0	71.1	49.6	58.4	254	445
711	1784131658818833000	881	881	2.165	2.586	1.194	24.0	39.1	29.8	669	536
712	1784131659095866000	881	882	2.772	2.487	0.897	54.5	65.4	59.5	400	305
713	1784131659369751000	881	881	2.165	2.384	1.101	80.2	91.9	85.6	174	71
714	1784131659636585000	882	881	2.586	2.277	0.88	63.6	83.7	72.3	321	143
715	1784131659908476000	881	881	2.277	2.277	1.0	97.6	100.0	98.7	21	0
716	1784131660173568000	881	881	2.277	2.277	1.0	66.0	93.4	77.3	299	58
717	1784131660515793000	881	881	2.384	2.165	0.907	53.9	74.1	62.4	406	228
718	1784131660819261000	882	881	2.487	1.92	0.771	24.3	44.7	31.5	667	487
719	1784131661088991000	881	881	2.487	1.785	0.717	17.0	31.1	22.0	731	607
720	1784131661383153000	881	881	2.772	1.785	0.643	0.0	0.0	0.0	881	881
721	1784131661732823000	881	881	2.947	1.479	0.501	0.0	0.0	0.0	881	881
722	1784131662078477000	881	881	3.112	1.479	0.475	0.0	0.0	0.0	881	881
723	1784131662358751000	881	881	3.269	1.299	0.397	0.0	0.0	0.0	881	881
724	1784131662635883000	881	881	3.631	1.299	0.357	0.0	0.0	0.0	881	881
725	1784131662924446000	881	881	3.96	1.089	0.275	0.0	0.0	0.0	881	881
726	1784131663268768000	881	881	4.145	0.829	0.2	0.0	0.0	0.0	881	881
727	1784131663559423000	881	881	4.763	0.829	0.174	0.0	0.0	0.0	881	881
728	1784131663831036000	881	881	5.356	0.829	0.154	0.0	0.0	0.0	881	881
729	1784131664173741000	881	880	5.673	0.829	0.146	0.0	0.0	0.0	881	880
730	1784131664484293000	882	872	6.417	0.829	0.129	0.0	0.0	0.0	882	872
731	1784131664784204000	889	855	6.977	0.829	0.118	0.0	0.0	0.0	889	855
732	1784131665084926000	889	504	7.628	0.433	0.056	0.0	0.0	0.0	889	504
733	1784131665444035000	889	440	21.099	14.939	0.708	2.5	2.2	2.4	866	430
734	1784131665744044000	889	439	20.62	14.905	0.722	2.2	2.5	2.3	869	428
735	1784131666070793000	889	440	20.656	14.922	0.722	5.5	7.0	6.1	840	409
736	1784131666426017000	889	440	20.474	14.922	0.728	2.8	3.4	3.0	864	425
737	1784131666703095000	889	441	20.24	14.922	0.737	3.9	4.3	4.1	854	422
738	1784131667004907000	889	454	20.4	15.122	0.741	3.5	3.7	3.6	857	437
739	1784131667300601000	889	439	19.979	14.905	0.746	5.3	5.9	5.6	841	413
740	1784131667592844000	889	448	19.891	15.105	0.759	6.4	8.0	7.1	832	412
741	1784131667883081000	889	441	20.704	14.905	0.719	4.6	5.2	4.8	848	418
742	1784131668214200000	889	451	19.188	15.105	0.787	7.1	10.4	8.5	825	404
743	1784131668496461000	889	441	20.24	14.922	0.737	4.4	5.6	5.0	849	416
744	1784131668871404000	889	472	20.51	15.352	0.748	4.0	4.6	4.3	853	450
745	1784131669190589000	889	440	21.004	14.922	0.71	2.0	2.0	2.0	871	431
746	1784131669507885000	889	467	20.216	15.237	0.753	6.7	7.9	7.2	829	430
747	1784131669788716000	889	439	20.62	14.872	0.721	3.7	3.8	3.7	856	422
